player_id,firstName,lastName,pagerank,birthDate,age_group,playingPosition
3762,Peter,Whittingham,0.000256476464556382,1984,30,MID
12392,Emerse,Faé,0.00021964517206981,1984,30,MID
12285,Kim,Tandrup,0.000216585873202886,1987,30,MID
9161,Sammy,Clingan,0.000214760343662127,1984,30,MID
12386,Grégory,Bourillon,0.000193411525683318,1984,30,MID
4218,Floribert,Ngalula,0.000187451028406564,1987,30,MID
12917,Thibaut,Detal,0.000181816224468355,1985,30,MID
13270,Matt,Bloomfield,0.000180532094714196,1984,30,MID
9870,Christos,Tsevas,0.000175195593062792,1985,30,MID
12866,Alexandros,Karachalios,0.000155342111288609,1985,30,MID
6119,Mohamed,Sissoko,0.000152694247728245,1985,30,MID
15075,Aleksey,Rebko,0.000152412082767003,1986,30,MID
10375,Shaun,MacDonald,0.000150065709214129,1988,30,MID
6144,Ernst,Öbster,0.000145870965627577,1984,30,MID
4765,David,Mannix,0.00014258113215515,1985,30,MID
15449,Lee,Martin,0.000131231944980565,1987,30,MID
8237,Christoph,Burkhard,0.000125638849341859,1984,30,MID
15650,Igor,Denisov,0.000124258802399728,1984,30,MID
3066,Jürgen,Säumel,0.000123209070950245,1984,30,MID
3547,Darren,Fletcher,0.000117479037655648,1984,30,MID
3205,David,Bentley,0.000116392435853479,1984,30,MID
14678,Ryan,Stevenson,0.000113001422876875,1984,30,MID
12791,Kevin,Souter,0.000110163055662645,1984,30,MID
1716,David,Odonkor,0.000109654497097724,1984,30,MID
14858,Oliver,Hampel,0.000104500261272599,1985,30,MID
11955,James,Beaumont,0.000102866827217024,1984,30,MID
12872,Grigoris,Makos,0.000101820408562272,1987,30,MID
10504,Mehmet,Akgün,0.000101742197061195,1986,30,MID
6435,Mario,Fillinger,0.000101406834241588,1984,30,MID
13796,Grant,Leadbitter,0.000101218914574654,1986,30,MID
19978,Damián,Luna,0.000100211440536912,1985,30,MID
20577,Mathias,Gravesen,9.88944532809888e-05,1986,30,MID
12883,Alexandros,Tziolis,9.65416371179409e-05,1985,30,MID
9985,Joel,Pilkington,9.48528827554276e-05,1984,30,MID
9994,Matthew,O'Neill,9.30916382396787e-05,1984,30,MID
12590,Joe,Hamill,9.10376411042343e-05,1984,30,MID
13274,Dean,Bowditch,9.03260561882869e-05,1986,30,MID
7093,Francesco,Magnanelli,8.79569617340432e-05,1984,30,MID
7023,Bekir,Ozan Has,8.74679732053338e-05,1985,30,MID
1258,Nderim,Nedzipi,8.69318474960059e-05,1984,30,MID
4018,Daniel,Baier,8.65985125225846e-05,1984,30,MID
15647,Vladimir,Bystrov,8.57292559950501e-05,1984,30,MID
13704,Shane,McFaul,8.5610163047728e-05,1986,30,MID
17332,Davide,Chiumiento,8.51351421287298e-05,1984,30,MID
9554,Xavier,Margairaz,8.35600853243075e-05,1984,30,MID
12600,David,McGeown,8.3445861088654e-05,1984,30,MID
9339,Ali,Camdali,8.23695752886941e-05,1984,30,MID
13463,Lee,Holmes,8.03639716557888e-05,1987,30,MID
4698,Stijn,Schaars,8.00042239469884e-05,1984,30,MID
10255,Alexander,Farnerud,7.8860784066127e-05,1984,30,MID
6155,Joep,van den Ouweland,7.79951225321998e-05,1984,30,MID
16756,Oleg,Ivanov,7.75116158070431e-05,1986,30,MID
7144,Sven,Lüscher,7.65132995238866e-05,1984,30,MID
15956,Jesús,Navas,7.51688793215014e-05,1985,30,MID
5154,Peter,Perchtold,7.30280231297398e-05,1984,30,MID
15914,Dominic,Blizzard,7.24928014426442e-05,1985,30,MID
22351,Adrien,Roman Moreno,7.22220723199737e-05,1985,30,MID
5034,Marco,Haller,7.00455127637024e-05,1984,30,MID
8640,Andreas,Lambertz,6.95919674635488e-05,1984,30,MID
9602,Maarten,Martens,6.95341256281373e-05,1984,30,MID
6158,Nicky,Taubert,6.86948462516921e-05,1984,30,MID
8068,Paul,Keegan,6.78230343708211e-05,1984,30,MID
3178,Filipe,Oliveira,6.77723633696147e-05,1984,30,MID
14599,Ross,Chisholm,6.71317382495447e-05,1988,30,MID
20141,Allmir,Ademi,6.60298296757796e-05,1984,30,MID
11869,Timo,Staffeldt,6.53520883960554e-05,1984,30,MID
8302,Esad,Veledar,6.44299162986352e-05,1984,30,MID
19863,Michele,Polverino,6.38273669134714e-05,1984,30,MID
20545,Nico,Zimmermann,6.35404900148056e-05,1985,30,MID
18372,Fatmir,Pupalovic,6.29216310179163e-05,1985,30,MID
2997,Neil,Kilkenny,6.27320382805876e-05,1985,30,MID
14003,Andrew,Crofts,6.23281530696734e-05,1984,30,MID
18955,Renaud,Cohade,6.21027357733322e-05,1984,30,MID
13718,Jonathan,Constancia,6.11491376906426e-05,1986,30,MID
15763,Daniel,Guijo-Velasco,6.09753298438981e-05,1984,30,MID
12601,Ross,McLeod,5.95497222910399e-05,1985,30,MID
12744,Liam,McGuinness,5.86897447532722e-05,1984,30,MID
6953,Gürhan,Gürsoy,5.84307292983417e-05,1987,30,MID
10060,Fabrizio,Zambrella,5.83776857253195e-05,1986,30,MID
19259,Gjergj,Muzaka,5.81775600104378e-05,1984,30,MID
9796,Oleksandr,Aliev,5.79101571677423e-05,1985,30,MID
9929,Marc,Lütolf,5.74658968859098e-05,1987,30,MID
6425,Drissa,Diarra,5.7201393301758e-05,1985,30,MID
8539,Onur,Tuncer,5.61729836332982e-05,1984,30,MID
17663,Cícero,"",5.60011622246535e-05,1984,30,MID
19955,Neri,Cardozo,5.59356772747672e-05,1986,30,MID
7046,Laurent,Merlin,5.50733752049982e-05,1984,30,MID
17922,Athanasios,Noutsos,5.49069090959407e-05,1985,30,MID
9586,Anatoli,Gerk,5.42922861605737e-05,1984,30,MID
5565,Samuel,Piètre,5.36764531519769e-05,1984,30,MID
17142,Hélio,Pinto,5.34794171655952e-05,1984,30,MID
15743,Vladislav,Kulik,5.34677484643309e-05,1985,30,MID
14049,Anthony,McNamee,5.34312442675883e-05,1984,30,MID
11641,Benjamin,Barg,5.32900823783445e-05,1984,30,MID
19357,Dries,Bernaert,5.23393476632477e-05,1984,30,MID
12131,Lloyd,Sam,5.21429276209889e-05,1984,30,MID
15791,Héctor,Simón,5.20566141149579e-05,1984,30,MID
15940,Eetu,Muinonen,5.13916104890359e-05,1986,30,MID
11459,Mads,Laudrup,5.07093468899312e-05,1989,30,MID
12139,Neil,McCafferty,5.03545877575282e-05,1984,30,MID
6167,Spencer,Verbiest,5.01926097322621e-05,1984,30,MID
9966,Almen,Abdi,5.00056966288908e-05,1986,30,MID
9943,Mohammed,Suleiman,4.97511542762878e-05,1984,30,MID
3313,John,Welsh,4.92427842380205e-05,1984,30,MID
13580,Jacob,Peterson,4.88435943613128e-05,1986,30,MID
20406,Marcinho,"",4.87891479966682e-05,1984,30,MID
13163,Hélder,Calvino,4.84121766480422e-05,1984,30,MID
14086,Ashley,Young,4.78098021049181e-05,1985,30,MID
20284,Stiven,Rivic,4.76622773242726e-05,1985,30,MID
8806,Cesc,Fàbregas,4.73382703726507e-05,1987,30,MID
20622,Arnold,Mvuemba,4.73321548537277e-05,1985,30,MID
10219,Maximilian,Mies,4.72387856952567e-05,1984,30,MID
15076,Aleksandr,Samedov,4.68195115105103e-05,1984,30,MID
6240,Léandre,Griffit,4.65734548321632e-05,1984,30,MID
12468,Jacob,Neestrup,4.64707159323272e-05,1988,30,MID
10501,Paul,Gallagher,4.61612635553011e-05,1984,30,MID
4569,David,Johnson,4.61190044963063e-05,1984,30,MID
1885,Sandro,Burki,4.6052698180731e-05,1985,30,MID
10894,Marcus,Mann,4.58896847144901e-05,1984,30,MID
5336,Anastasios,Tsokanis,4.57994361949523e-05,1991,30,MID
19548,Eugen,Polanski,4.57488829175593e-05,1986,30,MID
17295,Thiago,Rockenbach,4.54964290187201e-05,1985,30,MID
22527,Kevin,Artmann,4.51958324746421e-05,1986,30,MID
11471,Vincenzo,Terrazzino,4.51830304795827e-05,1984,30,MID
9502,Paul,Lawson,4.51794815398634e-05,1984,30,MID
4692,Johan,Vonlanthen,4.51414412647916e-05,1986,30,MID
3354,Jonathan,Blondel,4.49745382192607e-05,1984,30,MID
18212,Willie,McLaren,4.49464651228481e-05,1984,30,MID
15843,Jonathan,Legear,4.48967321479219e-05,1987,30,MID
17134,Lukas,Sinkiewicz,4.45233804681325e-05,1985,30,MID
11061,Alper,Bagceci,4.43409364266864e-05,1984,30,MID
5197,Jurgen,Gjasula,4.38175172567493e-05,1985,30,MID
7830,Bogdans,Petruks,4.34373880958539e-05,1992,30,MID
4086,Darren,Ambrose,4.32399667914916e-05,1984,30,MID
18923,Alexandros,Vergonis,4.30987582883627e-05,1985,30,MID
7252,Aleksandr,Ryazantsev,4.29465289251445e-05,1986,30,MID
6727,Björn,Lindemann,4.25015856587865e-05,1984,30,MID
14081,Ben,Watson,4.22950488336586e-05,1985,30,MID
4932,Marko,Sucic,4.19683620321209e-05,1984,30,MID
23160,Stephan,Petersen,4.17790064786543e-05,1985,30,MID
18912,Yoann,Gourcuff,4.04442651555457e-05,1986,30,MID
12502,Sigamary,Diarra,4.03196769305237e-05,1984,30,MID
14773,Salvatore,Caccavale,4.02554075875196e-05,1985,30,MID
18910,Jonathan,Bru,4.01066432813472e-05,1985,30,MID
20079,Julien,Fallet,4.00787174166499e-05,1984,30,MID
4774,Davide,Callà,3.97584144847559e-05,1984,30,MID
3072,Klaus,Salmutter,3.97346492401829e-05,1984,30,MID
8283,Nikolas,Ledgerwood,3.97048247859506e-05,1985,30,MID
19089,Juan,Pablo Francia,3.96999771791793e-05,1984,30,MID
20546,Tacio,"",3.96135742860235e-05,1988,30,MID
4672,Nigel,de Jong,3.95886241853867e-05,1984,30,MID
15008,Edgaras,Cesnauskis,3.95787811739981e-05,1984,30,MID
14552,Ryan,Smith,3.9527246333647e-05,1986,30,MID
16837,Tomi,Petrescu,3.94574910020737e-05,1986,30,MID
16864,Adewale,Dauda Wahab,3.93995961686134e-05,1984,30,MID
22310,Valerio,Carboni,3.91885655392371e-05,1984,30,MID
18828,Milos,Krasic,3.89440144378399e-05,1984,30,MID
23354,Giovanni,Fietta,3.88386209571768e-05,1984,30,MID
28643,Romeu,"",3.87350045736856e-05,1985,30,MID
14949,Rio,Mavuba,3.83582352681024e-05,1984,30,MID
21038,Lubos,Husek,3.8254280355343e-05,1984,30,MID
26591,Kirill,Kombarov,3.81837128495388e-05,1987,30,MID
22395,Adil,Hermach,3.81545591279351e-05,1986,30,MID
19538,Sebastian,Göbig,3.78952773670828e-05,1985,30,MID
20590,Andrea,Russotto,3.75788582458907e-05,1988,30,MID
10343,Christian,Remmers,3.75174457368906e-05,1984,30,MID
20506,Andrés,Guardado,3.73287817706681e-05,1986,30,MID
18429,Denis,Epstein,3.72839643959204e-05,1986,30,MID
13795,Chris,Kingsberry,3.72026945809961e-05,1985,30,MID
13589,Curtis,Weston,3.71280014503483e-05,1987,30,MID
11866,Dennis,Glutsch,3.69985504422156e-05,1984,30,MID
5245,Alexandru,Gatcan,3.68690150618006e-05,1984,30,MID
14856,Andreas,Ottl,3.68036903361936e-05,1985,30,MID
12588,Liam,Fox,3.65634746832243e-05,1984,30,MID
16592,Laurent,Mohellebi,3.63670497943027e-05,1984,30,MID
18215,Alessandro,Chirico,3.62602619266232e-05,1986,30,MID
9707,Konstantinos,Mendrinos,3.60680319680713e-05,1985,30,MID
5910,Gianluca,Doveri,3.59391741698565e-05,1991,30,MID
19020,Steven,Jacobs,3.57767821335018e-05,1987,30,MID
21496,Brett,Holman,3.56481083023972e-05,1984,30,MID
8490,Hakan,Hacibektasoglu,3.55651563818127e-05,1984,30,MID
6824,Charles,Takyi,3.52785625069563e-05,1984,30,MID
21366,Cafercan,Aksu,3.51950751022915e-05,1987,30,MID
16375,Panagiotis,Korbos,3.51615112095735e-05,1985,30,MID
14951,Stéphane,Darbion,3.50193811356925e-05,1984,30,MID
6791,Kai,Herdling,3.47565322544299e-05,1984,30,MID
18903,Yacine,Hima,3.4591169773088e-05,1984,30,MID
22614,Robert,Snodgrass,3.45125509862878e-05,1987,30,MID
19243,Diego,Lattmann,3.42265197481169e-05,1985,30,MID
14954,Nicolas,Godemeche,3.40665977970437e-05,1984,30,MID
15071,Aleksandr,Pavlenko,3.40485602012374e-05,1985,30,MID
16746,Niko,Kranjcar,3.39840623208443e-05,1984,30,MID
19715,Dejan,Milovanovic,3.38687761067224e-05,1984,30,MID
16617,Faris,Haroun,3.37888868237699e-05,1985,30,MID
13344,Bram,Oostvogels,3.37797652753756e-05,1984,30,MID
12540,Rudnei,"",3.35211559611884e-05,1984,30,MID
24440,Dimitrios,Pliagas,3.34642150525172e-05,1985,30,MID
12900,Deniz,Baykara,3.29738251848749e-05,1984,30,MID
29604,Riccardo,Cazzola,3.2588150948308e-05,1985,30,MID
22361,Thomas,de Meyer,3.24324136395103e-05,1984,30,MID
22992,Nicolai,Melchiorsen,3.22158071914329e-05,1984,30,MID
7433,Nicolae,Mitea,3.21922527854772e-05,1985,30,MID
22637,Samy,Mawéné,3.21572356560513e-05,1984,30,MID
7045,Jake,Richardson,3.2155401119891e-05,1988,30,MID
9934,Veroljub,Salatic,3.20036245676184e-05,1985,30,MID
15266,Omonigho,Temile,3.18051039000511e-05,1984,30,MID
14882,Cédric,Makiadi,3.17919202450675e-05,1984,30,MID
4055,Dean,Marney,3.16844177721489e-05,1984,30,MID
13490,Chris,Turner,3.13973514638509e-05,1987,30,MID
3864,Jamie,Cade,3.12677369444846e-05,1984,30,MID
10544,Umut,Kekilli,3.07983113640651e-05,1984,30,MID
21482,Tom,Daemen,3.07184321927211e-05,1985,30,MID
12167,Advaldo,"",3.06666044893047e-05,1986,30,MID
8329,Pablo,García,3.02591431312351e-05,1986,30,MID
15666,Oleg,Vlasov,3.02240880848041e-05,1984,30,MID
12874,Nikolaos,Mitrou,3.0040126134186e-05,1984,30,MID
22673,Emil,Hallfredsson,2.98748782904637e-05,1984,30,MID
19385,Karim,Matmour,2.98602175064698e-05,1985,30,MID
27239,Simon,Vukcevic,2.98487357167403e-05,1986,30,MID
16967,Robin,Muller van Moppes,2.97412509200827e-05,1984,30,MID
24805,Efthimios,Kotitsas,2.97348556701632e-05,1986,30,MID
6003,Mourad,Meghni,2.97115336633317e-05,1984,30,MID
13720,Wes,Daly,2.96555241211862e-05,1984,30,MID
20143,Soufiane,Touzani,2.95835727091325e-05,1985,30,MID
14783,Willie,Gibson,2.95349860889313e-05,1984,30,MID
15888,Dániel,T?zsér,2.92447454901257e-05,1985,30,MID
23890,Sekou,Baradji,2.91954334317161e-05,1984,30,MID
17129,Sulley,Muntari,2.91928638917804e-05,1984,30,MID
24862,Kemy,Agustien,2.91563445079896e-05,1986,30,MID
4687,Aaron,Hunt,2.88850263500308e-05,1986,30,MID
8197,Tomasz,Pekala,2.88586961899223e-05,1984,30,MID
12106,Ludovic,Obraniak,2.87456136023127e-05,1984,30,MID
13540,Ian,Ross,2.87221046888095e-05,1986,30,MID
21750,Mark,González,2.86800637764181e-05,1984,30,MID
19984,Wálter,Montillo,2.86508774101133e-05,1984,30,MID
15910,Tom,Soares,2.85911873548588e-05,1986,30,MID
14533,Pirmin,Schwegler,2.84824472770134e-05,1987,30,MID
22339,Sekou,Cissé,2.84329699463635e-05,1985,30,MID
2580,Christian,Streit,2.83605819639577e-05,1984,30,MID
17919,Carlos,Da Silva Da Costa,2.83590450098858e-05,1984,30,MID
21367,Mülayim,Erdem,2.80473154870795e-05,1987,30,MID
18925,Pierre,Ducasse,2.79235966152938e-05,1987,30,MID
19976,Pablo,Ledesma,2.78959027259096e-05,1984,30,MID
16669,Charlie,Lee,2.78615041798627e-05,1987,30,MID
14883,Karsten,Fischer,2.77803524041767e-05,1984,30,MID
6679,Mario,Schönenberger,2.76655982590956e-05,1986,30,MID
18904,Sylvain,Idangar,2.75174797282582e-05,1984,30,MID
22622,Fabrizio,Melara,2.7403799735969e-05,1986,30,MID
29614,Gionata,Mingozzi †,2.73871774774411e-05,1984,30,MID
21804,Robbie,Weir,2.73494899182439e-05,1988,30,MID
12249,Éver,Banega,2.73298375626632e-05,1988,30,MID
14524,Michalis,Bolos,2.73041396403654e-05,1984,30,MID
22633,Mathias,Jouan,2.72291639162617e-05,1984,30,MID
23914,Lassana,Diarra,2.71726001536166e-05,1985,30,MID
4877,Adrian,Moser,2.71507135109911e-05,1984,30,MID
8187,Juanmi,Callejón,2.70461938774959e-05,1987,30,MID
9975,Richard,Chaplow,2.6996933638059e-05,1985,30,MID
22994,Kenni,Olsen,2.6894882794467e-05,1985,30,MID
6554,Marc,Nielsen,2.68683948598344e-05,1984,30,MID
21128,Ivo,Taborsky,2.6846205128793e-05,1985,30,MID
20259,Olubayo,Adefemi †,2.6768841771935e-05,1985,30,MID
23022,Alessio,Manzoni,2.66103106505236e-05,1987,30,MID
28753,Juan,Pablo Caffa,2.65855965292934e-05,1984,30,MID
18821,Muhammed,Basar,2.65125723787517e-05,1986,30,MID
14030,Albert,Jarrett,2.64955404773766e-05,1984,30,MID
3891,Femi,Opabunmi,2.63490986391875e-05,1985,30,MID
17320,Rick,Kruys,2.62695224016952e-05,1985,30,MID
19892,Maxime,Annys,2.61768432195746e-05,1986,30,MID
17724,Borut,Semler,2.61463815265172e-05,1985,30,MID
22594,Daniele,Galloppa,2.58448069589288e-05,1985,30,MID
16474,Alexander,Baumjohann,2.5807767565612e-05,1987,30,MID
13258,Tim,Sparv,2.57779549334783e-05,1987,30,MID
16992,Sebastian,Becker,2.57519222126719e-05,1985,30,MID
3333,James,Milner,2.57479322280874e-05,1986,30,MID
24523,Oguzhan,Türk,2.54331848678037e-05,1986,30,MID
19606,Tony,Stevenson,2.54235238715808e-05,1988,30,MID
22902,Martin,Mikkelsen,2.53673153059193e-05,1986,30,MID
23592,Martin,Vingaard,2.53649803114225e-05,1985,30,MID
23209,Cadinha,"",2.53268885188983e-05,1984,30,MID
7161,Jonas,Hofmann,2.52159791039057e-05,1992,30,MID
8689,Sezer,Öztürk,2.51583222660728e-05,1985,30,MID
11707,Matthias,Kröninger,2.51413826535183e-05,1984,30,MID
26744,Leonardo,Pisculichi,2.51308573358396e-05,1984,30,MID
24797,Simon,Walton,2.49799439490919e-05,1987,30,MID
13611,Peter,Sweeney,2.4975225929689e-05,1984,30,MID
19997,Leonardo,Morales,2.49606855337471e-05,1987,30,MID
15921,Matt,Jarvis,2.48853219482351e-05,1986,30,MID
14551,Quincy,Owusu-Abeyie,2.48828728783804e-05,1986,30,MID
22221,Martin,Brittain,2.47880742081663e-05,1984,30,MID
21201,Lucass,Onar,2.47698472679499e-05,1985,30,MID
16877,Morais,"",2.47275220242257e-05,1984,30,MID
25506,Pedro,Pacheco,2.46245227206892e-05,1984,30,MID
22884,Kim,Kolstrup,2.46168128034906e-05,1985,30,MID
13723,Emmerik,de Vriese,2.46045070334277e-05,1985,30,MID
2623,Piotr,Trochowski,2.44690101038224e-05,1984,30,MID
25414,Fernando,Marqués,2.42603951192916e-05,1984,30,MID
14963,Martin,Bergvold,2.37424607368332e-05,1984,30,MID
13567,Marvin,Elliott,2.37367612448126e-05,1984,30,MID
15799,Santi,Cazorla,2.35063308761529e-05,1984,30,MID
19055,Marko,Kolsi,2.34354412203908e-05,1985,30,MID
24721,Stanley,Aborah,2.33918964504582e-05,1987,30,MID
20282,Johannes,Rahn,2.33220823239243e-05,1986,30,MID
22501,Femi,"",2.32539675077439e-05,1985,30,MID
24844,Sammuel,"",2.32277584928373e-05,1987,30,MID
12908,Alessandro,Cordaro,2.32053445589801e-05,1986,30,MID
18684,Marc,Schnatterer,2.31097957697693e-05,1985,30,MID
25544,Sandro,Marini,2.30696937977544e-05,1988,30,MID
5957,Alberto,Aquilani,2.30507163971162e-05,1984,30,MID
19457,Sascha,Boller,2.28813728364857e-05,1984,30,MID
22380,Therry,Racon,2.28520470837583e-05,1984,30,MID
14574,Craig,Conway,2.27759688775136e-05,1985,30,MID
24437,Sotiris,Leontiou,2.27718336869357e-05,1984,30,MID
15963,Grégory,Rondeux,2.26892560290606e-05,1985,30,MID
17899,Julien,Sola,2.2525152972608e-05,1984,30,MID
16848,Andrea,De Falco,2.24568504546223e-05,1986,30,MID
21447,Zito,"",2.22377917134745e-05,1985,30,MID
26726,Néstor,Ortigoza,2.22320281142569e-05,1984,30,MID
20852,Jesper,Jörgensen,2.21321357076366e-05,1984,30,MID
13816,Liam,Needham,2.21214779056804e-05,1985,30,MID
22896,Kasper,Lorentzen,2.20352927583972e-05,1985,30,MID
18018,Joris,van Rooijen,2.19853831406177e-05,1985,30,MID
25753,Mario,Grgurovic,2.19268162887072e-05,1985,30,MID
8203,Mario,Bolter,2.18931566258976e-05,1984,30,MID
16897,Thomas,Job,2.1855400935162e-05,1984,30,MID
11492,Hamed,Namouchi,2.17818366239312e-05,1984,30,MID
15083,Dmitri,Torbinski,2.1727644976921e-05,1984,30,MID
22377,Fabien,Camus,2.17267465282439e-05,1985,30,MID
20038,Martin,Gollasch,2.1716396641166e-05,1986,30,MID
19442,Andrea,Lazzari,2.15242303356183e-05,1984,30,MID
2852,Alexander,Laas,2.13639859444711e-05,1984,30,MID
12399,Feliciano,Condesso,2.13194182201096e-05,1987,30,MID
24880,Artur,"",2.12397655493146e-05,1984,30,MID
12140,Stacy,Long,2.11690883163538e-05,1985,30,MID
7600,Andrés,Iniesta,2.11687640080152e-05,1984,30,MID
25950,Martin,Dausch,2.1165687861397e-05,1986,30,MID
23191,Andrea,Cristiano,2.11153192882009e-05,1984,30,MID
26153,Alberto,Zapater,2.10640474219082e-05,1985,30,MID
19040,Timo,Röttger,2.10485882724394e-05,1985,30,MID
13073,Mohamed,Messoudi,2.08628578521293e-05,1984,30,MID
19266,Dusko,Ostojic,2.07643029422924e-05,1984,30,MID
8108,Lluis,Sastre,2.07402122597209e-05,1986,30,MID
9219,Tommy,Williamson,2.06978964206326e-05,1984,30,MID
21308,Ciaran,Donnelly,2.06645776933072e-05,1984,30,MID
25441,Zdravko,Kuzmanovi?,2.06505318435158e-05,1987,30,MID
20321,Yannick,Kakoko,2.06371351085153e-05,1990,30,MID
22809,Kevin,Moon,2.06132984146585e-05,1987,30,MID
4775,Marco,Hämmerli,2.06077927742054e-05,1985,30,MID
14579,Iain,Davidson,2.05924849140065e-05,1984,30,MID
21854,Cristian,Agnelli,2.05679969739142e-05,1985,30,MID
16869,Massimo,Loviso,2.05604704371701e-05,1984,30,MID
11979,Boubacar,Coulibaly,2.05435748474421e-05,1985,30,MID
6295,Steve,Pinau,2.05090057340234e-05,1988,30,MID
18934,Thomas,Mangani,2.0483100344932e-05,1987,30,MID
26705,Claudiu,Tudor,2.02934780258997e-05,1985,30,MID
10248,Christian,Müller,2.01686181457671e-05,1984,30,MID
11110,Gökhan,Gündüz,2.01436952358591e-05,1984,30,MID
16591,Nicolas,Maurice-Belay,2.00472781260967e-05,1985,30,MID
21975,Adam,Strachan,2.00438604239971e-05,1987,30,MID
28052,Fabian,Liesenfeld,2.00250994693747e-05,1986,30,MID
28964,Saulius,Mikoliunas,1.99869460874346e-05,1984,30,MID
12688,Scott,Brown,1.99861711630822e-05,1985,30,MID
13357,Matt,Richards,1.99068496533764e-05,1984,30,MID
9509,Ross,Wallace,1.98673479488966e-05,1985,30,MID
24799,Christos,Anestis,1.98137642221176e-05,1986,30,MID
19474,Richard,Haklander,1.98063686557708e-05,1984,30,MID
28461,Vincent,Provoost,1.98015844116482e-05,1984,30,MID
25931,Mihai,Dumitru,1.96225876958094e-05,1985,30,MID
21422,Darren,Lee Smith,1.95324659365026e-05,1988,30,MID
3942,Martin,Lanig,1.95171115589447e-05,1984,30,MID
16814,Ender,Yilmaz,1.94695226329221e-05,1984,30,MID
20790,Manuel,Hiemer,1.94097296987422e-05,1985,30,MID
25465,Rui,Gomes,1.93219879723987e-05,1987,30,MID
16649,Jefferson,Farfán,1.92515871287404e-05,1984,30,MID
21199,Andreas,Martinovic,1.92305937579635e-05,1985,30,MID
20004,Mario,Sosa,1.91507613299757e-05,1986,30,MID
25502,Sérgio,Organista,1.89870621850482e-05,1984,30,MID
14019,Ben,Harding,1.88844485824184e-05,1984,30,MID
16956,Slawomir,Peszko,1.88829251362973e-05,1985,30,MID
12157,Sebastián,Sciorilli,1.87519090283593e-05,1989,30,MID
11136,Ilker,Kula,1.87131263914076e-05,1984,30,MID
22372,Tom,van Hyfte,1.87058443390463e-05,1986,30,MID
18885,Maximilian,Watzka,1.86084995218501e-05,1986,30,MID
8532,Tobias,Schlauderer,1.85620430934855e-05,1984,30,MID
24228,Konstantinos,Diamantidis,1.8544444933659e-05,1985,30,MID
8419,Henning,Grieneisen,1.85132425595404e-05,1984,30,MID
6033,Francesco,Lodi,1.84648383252769e-05,1984,30,MID
25762,Frane,Lojic,1.83339948781304e-05,1985,30,MID
21415,Marc,Fitzpatrick,1.83198082720389e-05,1986,30,MID
20889,Sergej,Neubauer,1.82557851898971e-05,1985,30,MID
22165,Charles,N'Zogbia,1.82390222661826e-05,1986,30,MID
17057,Michael,Liendl,1.82193319730129e-05,1985,30,MID
26267,Fernandinho,"",1.82127406547123e-05,1985,30,MID
9354,Sejad,Salihovic,1.81066254298493e-05,1984,30,MID
13335,Paul,McLaughlin,1.80939636201348e-05,1984,30,MID
23976,Richard,Soumah,1.80765900890249e-05,1986,30,MID
12384,Alexander,Tettey,1.80743853058902e-05,1986,30,MID
24810,Stathis,Rokas,1.80715036345007e-05,1984,30,MID
21837,Andrea,Bovo,1.79497961713033e-05,1986,30,MID
22353,Segun,Atere,1.79022244796974e-05,1985,30,MID
17084,Philipp,Netzer,1.78949901461716e-05,1985,30,MID
22823,Gennaro,Esposito,1.78921421885901e-05,1985,30,MID
2854,Benjamin,Baltes,1.78801704852524e-05,1984,30,MID
12758,Jamie,Hamill,1.78402524573712e-05,1986,30,MID
30321,Óscar,Trejo,1.78257225912534e-05,1988,30,MID
18709,Edgar,Bernhardt,1.78055435207161e-05,1986,30,MID
24635,Chris,Eagles,1.78010608477103e-05,1985,30,MID
18789,Florian,Müller,1.77927121649093e-05,1986,30,MID
28861,Tommaso,Vailatti,1.77911148763513e-05,1986,30,MID
24877,Ronnie,Stam,1.7662230962394e-05,1984,30,MID
4196,Alexander,Ludwig,1.76586735179577e-05,1984,30,MID
4348,Leandro,Bonfim,1.74981546206428e-05,1984,30,MID
24756,Timm,Rabus,1.74787534547462e-05,1984,30,MID
11722,Kai,Mühlbauer,1.74517302206764e-05,1984,30,MID
15421,Christian,Ritter,1.74192590345307e-05,1984,30,MID
24959,Flávio,"",1.73860116527477e-05,1985,30,MID
24299,Matteo,Camillini,1.7327941985896e-05,1984,30,MID
24008,Rubén,Gomez,1.73106678899141e-05,1984,30,MID
22995,Danny,Olsen,1.72780877137445e-05,1985,30,MID
16690,Diniyar,Bilyaletdinov,1.72618787036909e-05,1985,30,MID
21513,Damien,Miceli,1.72580855179546e-05,1984,30,MID
20137,José,Sosa,1.72413083784677e-05,1985,30,MID
24445,Bora,Riza Kalyon,1.72110492306393e-05,1986,30,MID
19539,Tobias,Leis,1.71770859957889e-05,1985,30,MID
19987,Matías,Sánchez,1.71513264837761e-05,1987,30,MID
23325,Wesllem,"",1.70540223599418e-05,1985,30,MID
26721,Lucas,Biglia,1.7038355908212e-05,1986,30,MID
22261,Robert,Scannewin,1.6976479122333e-05,1985,30,MID
21372,Jamie,Adams,1.68894620304793e-05,1987,30,MID
25668,Christos,Mingas,1.68434910887059e-05,1984,30,MID
19720,Marko,Perovic,1.68423156997344e-05,1984,30,MID
26171,Mike,Wunderlich,1.67429019328467e-05,1986,30,MID
10030,Claus,Costa,1.66929341874094e-05,1984,30,MID
16895,Cyril,Gona,1.66907115811617e-05,1984,30,MID
17710,Johannes,Hintersberger,1.65764339900633e-05,1985,30,MID
18387,Florian,Metz,1.65321787893626e-05,1985,30,MID
8074,Daniel,Wolf,1.65254295809148e-05,1985,30,MID
18534,Kosi,Saka,1.65231994071818e-05,1986,30,MID
19803,Ricardo,Guará,1.64895712323765e-05,1984,30,MID
17225,Konstantinos,Kapetanos,1.64731290097802e-05,1984,30,MID
25734,Denys,Kulakov,1.64478437156734e-05,1986,30,MID
25437,Sehar,Fejzulahi,1.63522767132776e-05,1985,30,MID
6265,Tom,Schneider,1.62830150649803e-05,1984,30,MID
25488,Antonio,Candreva,1.62235986843494e-05,1987,30,MID
18738,Philipp,Kreuels,1.62122779812407e-05,1985,30,MID
15760,Ibrahim,Afellay,1.61517507805479e-05,1986,30,MID
24821,Ralf,de Haan,1.61370836744503e-05,1984,30,MID
15261,Daniel,Peev,1.59951408203787e-05,1984,30,MID
10471,Luiz,Gustavo,1.59785876036369e-05,1987,30,MID
25439,Thomas,Haberthür,1.59179651772151e-05,1985,30,MID
22519,Mikkel,Thygesen,1.5899760886323e-05,1984,30,MID
22378,Léo,Matos,1.5842372502132e-05,1986,30,MID
18390,Christoph,Saurer,1.58168782010798e-05,1986,30,MID
16335,Charles,"",1.57997604809081e-05,1985,30,MID
17350,Nuno,Morais,1.57270156604779e-05,1984,30,MID
16600,Georgios,Makris,1.57177534511988e-05,1984,30,MID
16587,Manuel,Weber,1.56869024632381e-05,1985,30,MID
21313,Brian,Neill,1.56575500186791e-05,1988,30,MID
29364,João,Moutinho,1.56305159391818e-05,1986,30,MID
20265,Massimo,Ornatelli,1.55975056868089e-05,1986,30,MID
4742,Christophe,Lepoint,1.5569838836588e-05,1984,30,MID
25500,Nicola,Mancino,1.55172683473443e-05,1984,30,MID
21641,Hermen,Hogenkamp,1.54813864476611e-05,1985,30,MID
16586,Tomas,Simkovic,1.54634544311867e-05,1987,30,MID
20081,Gelson,Fernandes,1.5456750632342e-05,1986,30,MID
22445,Kalifa,Cissé,1.54561792576957e-05,1984,30,MID
19041,Gökhan,Inler,1.54187990807862e-05,1984,30,MID
29971,Pierre,De Wit,1.54015516566644e-05,1987,30,MID
22181,Paul,Obiefule,1.53699920200539e-05,1986,30,MID
21567,Rachid,Bouaouzan,1.53518043291665e-05,1984,30,MID
25366,Michael,Kightly,1.53175219297028e-05,1986,30,MID
19942,Manuel,Alberto Baigorria,1.52139592965e-05,1985,30,MID
19333,Johannes,Dietwald,1.51765106339926e-05,1985,30,MID
28179,Mladen,Bartulovic,1.51355972203012e-05,1986,30,MID
23270,Diogo,Valente,1.51028180225067e-05,1984,30,MID
26446,Ramón,Ocampo,1.50791052261152e-05,1986,30,MID
15810,John,Bailey,1.5069378433092e-05,1984,30,MID
15893,Tom,de Mul,1.50663359189263e-05,1986,30,MID
17618,Srdjan,Maksimovic,1.50493057053008e-05,1986,30,MID
13465,Tom,Huddlestone,1.50234458480083e-05,1986,30,MID
15461,Jaime,Gavilán,1.50145936657163e-05,1985,30,MID
25464,Joao,Pedro,1.50101008094504e-05,1984,30,MID
19340,Bastian,Schulz,1.49823504602036e-05,1985,30,MID
24946,Cris,"",1.49755860737378e-05,1984,30,MID
27979,Kevin,Wölk,1.49204821973286e-05,1985,30,MID
11539,Boban,Maksimovic,1.48604389030058e-05,1985,30,MID
16791,Manuel,Fernandes,1.47829166806611e-05,1986,30,MID
29035,Ederson,"",1.47126222255857e-05,1986,30,MID
24621,Drago,Papa,1.4663406447725e-05,1984,30,MID
26740,Gustavo,Oberman,1.4608365945208e-05,1985,30,MID
6856,Spase,Dilevski,1.46002569672016e-05,1985,30,MID
21851,Rivaldo,González,1.45771190170646e-05,1987,30,MID
27725,Milos,Dimitrijevic,1.45728865293322e-05,1984,30,MID
24026,Kostyantyn,Kravchenko,1.45589318968507e-05,1986,30,MID
25448,Rahim,Shala,1.45438127111586e-05,1984,30,MID
27116,Benjamin,Psaume,1.45162556762129e-05,1985,30,MID
26877,Toni,Wachsmuth,1.44380089066313e-05,1986,30,MID
26878,Tobias,Werner,1.44380089066313e-05,1985,30,MID
27344,Álvaro,Pires,1.4432013487124e-05,1985,30,MID
15568,Bruno,Gama,1.44304982521612e-05,1987,30,MID
26879,Sebastian,Wille,1.43748193842772e-05,1985,30,MID
25532,Pascal,Müller,1.43217231385468e-05,1985,30,MID
22627,Franck,Berrier,1.42901167827128e-05,1984,30,MID
15045,Niki,Zimling,1.42652803080974e-05,1985,30,MID
24578,Periklis,Bousinakis,1.42572380979365e-05,1986,30,MID
22732,Mark,Gardner,1.42005329215163e-05,1985,30,MID
24230,Georgios,Nekos,1.41089705713816e-05,1985,30,MID
4268,Malik,Buari,1.40754160148412e-05,1984,30,MID
27471,Diego,Capel,1.40742130220629e-05,1988,30,MID
24969,Platon,Karakatsanis,1.40192185604803e-05,1985,30,MID
25523,Karim,El Ahmadi,1.40071655605225e-05,1985,30,MID
25838,Galin,Ivanov,1.39254770272452e-05,1988,30,MID
18639,Pablo,Franco Dolci,1.39082373371524e-05,1984,30,MID
16187,Ilias,Kyriakidis,1.39003875432892e-05,1985,30,MID
14016,Michael,Gordon,1.38218343203208e-05,1984,30,MID
27379,Rivaldo,"",1.37956895216096e-05,1985,30,MID
15931,Nick,McKoy,1.37216457782195e-05,1986,30,MID
26403,Zdenek,Koukal,1.36840063186644e-05,1984,30,MID
14060,Nigel,Reo-Coker,1.36524692622625e-05,1984,30,MID
13715,Marcus,Bean,1.35957065576332e-05,1984,30,MID
16049,Ersan,Tekkan,1.35733922952016e-05,1985,30,MID
19806,Juninho,Pinheiro,1.35676721283733e-05,1985,30,MID
27992,Luka,Modric,1.35540383782246e-05,1985,30,MID
6146,Peter,Endres,1.35072816822104e-05,1984,30,MID
17465,Hakan,Özmert,1.34976116057795e-05,1985,30,MID
23950,Sylvain,Macé,1.34772570543491e-05,1984,30,MID
12515,Guirane,N'Daw,1.34478496421097e-05,1984,30,MID
27301,Dennis,Rehausen,1.34371346387186e-05,1985,30,MID
29416,Chris,Clark,1.34001540218119e-05,1984,30,MID
24209,Tamir,Cohen,1.33862567749707e-05,1984,30,MID
26268,Rubens,Sambueza,1.33587619899186e-05,1984,30,MID
26422,Petter,Vaagan Moen,1.3354253591545e-05,1984,30,MID
26146,Sebastian,Zielinsky,1.33209963001914e-05,1988,30,MID
12508,Yann,Jouffre,1.33201227305941e-05,1984,30,MID
21369,Arda,Turan,1.32875015146765e-05,1987,30,MID
29390,Elmar,Bjarnason,1.32539370362455e-05,1987,30,MID
29835,Jakub,Blaszczykowski,1.32490441317972e-05,1985,30,MID
25382,Charlie,Comyn-Platt,1.32072054690216e-05,1985,30,MID
4673,Wesley,Sneijder,1.31879162460328e-05,1984,30,MID
26731,Hugo,Colace,1.31567581691076e-05,1984,30,MID
26105,Valter,Birsa,1.31105781998404e-05,1986,30,MID
27861,Senijad,Ibricic,1.31013915723992e-05,1985,30,MID
27710,Tim,Danneberg,1.30798262941594e-05,1986,30,MID
16565,Daniel,Halfar,1.30690895959663e-05,1988,30,MID
23674,Erkan,Zengin,1.30634265422898e-05,1985,30,MID
4248,Diego,"",1.30249049542388e-05,1985,30,MID
25758,Jaba,Kankava,1.30073772808418e-05,1986,30,MID
26475,Miroslav,Saric,1.29633254171565e-05,1986,30,MID
22444,Filipe,"",1.29500020041338e-05,1986,30,MID
18463,Aboubacar,M'Baye Camara,1.29134311131363e-05,1985,30,MID
17042,Marko,Stankovic,1.28914614957769e-05,1986,30,MID
15783,Carlos,Alberto,1.28736049628758e-05,1984,30,MID
27614,James,Morrison,1.28675745739867e-05,1986,30,MID
26470,Gustavo,Rodas,1.28239293103875e-05,1986,30,MID
29039,Paulo,Machado,1.27655708506003e-05,1986,30,MID
16856,Roberto,Delgado,1.27188453019821e-05,1986,30,MID
21318,Moise,Bambara,1.27002887142203e-05,1984,30,MID
29389,Zafer,Sakar,1.26815294575149e-05,1985,30,MID
25721,Giannis,Maniatis,1.26615612569844e-05,1986,30,MID
26472,Paulo,Rosales,1.26468788324299e-05,1984,30,MID
22231,Darren,Potter,1.26129519906173e-05,1984,30,MID
18948,Emin,Sulimani,1.26056180355796e-05,1986,30,MID
28075,Andrea,Migliorini,1.26004272076962e-05,1988,30,MID
26899,David,Brunclik,1.25998035187356e-05,1985,30,MID
16766,Bülent,Kocabey,1.25961545052863e-05,1984,30,MID
28993,Robert,Davidson,1.24961874346489e-05,1986,30,MID
20440,Robert,Henning,1.24847370174973e-05,1985,30,MID
13452,Nathan,Doyle,1.24458361420819e-05,1987,30,MID
17103,Ousseni,Zongo,1.24434902072277e-05,1984,30,MID
15304,Steven,Schumacher,1.24399773311045e-05,1984,30,MID
16917,Robert,Müller,1.2423367225124e-05,1986,30,MID
27570,Joe,Vide,1.2413466767885e-05,1984,30,MID
16492,Arron,Davies,1.2376555660603e-05,1984,30,MID
26763,Abou,Diaby,1.23358649843652e-05,1986,30,MID
28939,Ricky,Shakes,1.23352911386574e-05,1985,30,MID
22130,Carl,Valeri,1.23334178268325e-05,1984,30,MID
14018,Jamie,Hand,1.23325987720144e-05,1984,30,MID
28977,Jamie,Winter,1.2305771832254e-05,1985,30,MID
1401,Marco,Stier,1.23019207965501e-05,1984,30,MID
12703,Kevin,Thomson,1.22940108872572e-05,1984,30,MID
23989,Petter,Andersson,1.22934778060078e-05,1985,30,MID
27390,Florent,Ghisolfi,1.22647312851404e-05,1985,30,MID
8487,Serdar,Özkan,1.22129458331448e-05,1987,30,MID
18943,Ahmed,Yahiaoui,1.21972898091941e-05,1987,30,MID
27834,Mario,Brkljaca,1.21906641116267e-05,1985,30,MID
20792,Michael,Krämer,1.21819551028737e-05,1985,30,MID
23996,Moubarak,Boussoufa,1.21800312136247e-05,1984,30,MID
6551,Stefan,Hoffmann,1.21598065058446e-05,1984,30,MID
12896,Lokman,Atasever,1.21542100876868e-05,1984,30,MID
30666,Haris,Medunjanin,1.21137729051756e-05,1985,30,MID
26357,Yan,Tigorev,1.21094522172035e-05,1984,30,MID
24602,Lucien,Dors,1.20188424994061e-05,1984,30,MID
25633,Petr,Trapp,1.20130584512169e-05,1985,30,MID
25916,Evgeni,Shipitsin,1.19929809255567e-05,1985,30,MID
6289,Yuri,Mamaev,1.19893418121492e-05,1984,30,MID
24745,Benjamin,Barth,1.19770861330984e-05,1984,30,MID
8491,Olcan,Adin,1.19490717868606e-05,1985,30,MID
12974,Killian,Overmeire,1.194441117437e-05,1985,30,MID
25792,Bernhard,Schachner,1.19239911704962e-05,1986,30,MID
26797,Julien,Gorius,1.19091812081382e-05,1985,30,MID
27716,Jonas,Grüter,1.18830259364703e-05,1986,30,MID
29063,Javier,Dopico,1.18661931586568e-05,1985,30,MID
18957,Andrey,Bovtalo,1.17829565656658e-05,1984,30,MID
25526,Anthony,Danze,1.17677493044689e-05,1984,30,MID
20005,Alejandro,Gómez,1.17456950684176e-05,1988,30,MID
16922,Kevin-Prince,Boateng,1.17439797197047e-05,1987,30,MID
21561,Arnold,Herder,1.17396288355514e-05,1985,30,MID
29351,Bocundji,Ca,1.16750227851802e-05,1986,30,MID
16652,Sascha,Rammel,1.16582711202964e-05,1985,30,MID
29318,Jamel,Zahiri,1.16550520893673e-05,1985,30,MID
27064,Christos,Zarogiannis,1.15808364624514e-05,1985,30,MID
26368,Nicolas,Gezelle,1.15475412701634e-05,1986,30,MID
27953,Neven,Vukman,1.15288086914823e-05,1985,30,MID
19368,Moussa,Dembélé,1.14889874038282e-05,1987,30,MID
22067,Stijn,de Smet,1.14604487603669e-05,1985,30,MID
7021,Yoann,Folly,1.13925145789328e-05,1985,30,MID
24601,Tim,de Meersman,1.13873417447485e-05,1985,30,MID
26410,Daniel,Fredheim Holm,1.13548591609065e-05,1985,30,MID
25036,Renat,Sabitov,1.13450120173337e-05,1985,30,MID
26017,Burak,Karaduman,1.13419606745424e-05,1985,30,MID
27420,Roberto,Sousa,1.13407976475866e-05,1985,30,MID
23982,Ali,Sami Yachir,1.13379540036583e-05,1985,30,MID
24653,Aleksandr,Burakov,1.13321624431884e-05,1987,30,MID
30391,Rasmus,Elm,1.13234201366477e-05,1988,30,MID
7788,Manuel,Caponi,1.12913727279136e-05,1986,30,MID
18010,Sven,Post,1.12862851518926e-05,1985,30,MID
4798,Caryl,Righetti,1.12850074642742e-05,1984,30,MID
21821,Luis,Jiménez,1.12707469129319e-05,1984,30,MID
15961,Rúrik,Gíslason,1.12583115796669e-05,1988,30,MID
26254,Douglas,"",1.12457549823077e-05,1990,30,MID
28907,Adil,Chihi,1.11587669345691e-05,1988,30,MID
14022,Gavin,Heeroo,1.11557591825636e-05,1984,30,MID
3976,Michael,Lehmann,1.11339427050044e-05,1984,30,MID
4133,Richie,Ryan,1.11146405288119e-05,1985,30,MID
29307,Guy,Moussi,1.10742173283857e-05,1985,30,MID
26511,Martín,Wagner,1.10493201275852e-05,1985,30,MID
22332,Michele,Lanzillotta,1.10387645013428e-05,1984,30,MID
27232,Nebojša,Marinkovic,1.10325268833533e-05,1986,30,MID
24062,Valerio,Virga,1.1011482302571e-05,1986,30,MID
27145,Scott,Agnew,1.09640266716656e-05,1987,30,MID
27485,Devid,Stanisavljevic,1.09407578390013e-05,1987,30,MID
26574,Masoud,Shojaei,1.09235638869008e-05,1984,30,MID
20914,Chadli,Amri,1.09068517018645e-05,1984,30,MID
26402,Marek,Jarolim,1.087406393414e-05,1984,30,MID
26198,Héctor,Font,1.08701403329696e-05,1984,30,MID
22728,Craig,Bryson,1.08697139678721e-05,1986,30,MID
22203,Antonio,Nocerino,1.0855939728164e-05,1985,30,MID
21708,Ian,Black,1.07989168594815e-05,1985,30,MID
19210,Muhamed,Demiri,1.07787720772421e-05,1985,30,MID
27386,Samir,Bertin d'Avesnes,1.07454100652036e-05,1986,30,MID
25755,Juraj,Grizelj,1.07376174698306e-05,1986,30,MID
24894,Mato,Papic,1.07193553966938e-05,1985,30,MID
12124,Glenn,Whelan,1.06928031103773e-05,1984,30,MID
14190,Byung-Min,Jung,1.06865449438216e-05,1984,30,MID
26854,Danny,Szetela,1.06629116474482e-05,1987,30,MID
18900,Hatem,Ben Arfa,1.06609317508518e-05,1987,30,MID
6645,Tranquillo,Barnetta,1.0616905237931e-05,1985,30,MID
19549,Daniel,Sobkova,1.06165276381906e-05,1985,30,MID
25389,Martin,Woods,1.06145267713593e-05,1986,30,MID
15553,Björn,Ziegenbein,1.06108202709454e-05,1986,30,MID
17285,Mathieu,Lafon,1.05835511691659e-05,1984,30,MID
6530,Michael,Delura,1.05366937784307e-05,1985,30,MID
18901,Jérémy,Clément,1.05207189111995e-05,1984,30,MID
8547,Mithat,Yasar,1.05181300620334e-05,1986,30,MID
19057,Hedwiges,Maduro,1.0505451771564e-05,1985,30,MID
30476,Samil,Cinaz,1.05005242289358e-05,1986,30,MID
24766,Manolis,Liapakis,1.04653457841496e-05,1984,30,MID
22193,Paolo,De Crescenzo,1.03841515703514e-05,1984,30,MID
28683,Gojko,Kacar,1.03737015610928e-05,1987,30,MID
27006,Seïd,Khiter,1.03691455804457e-05,1985,30,MID
28973,Steven,Davis,1.03537677015677e-05,1985,30,MID
3471,Ross,Gardner,1.0337149559758e-05,1985,30,MID
27410,Caio,"",1.03103802645468e-05,1986,30,MID
17032,Boris,Hüttenbrenner,1.0309829288429e-05,1985,30,MID
6578,Andreas,Jantz,1.03040268536972e-05,1984,30,MID
25322,Stefan,Kohler,1.02979235872043e-05,1984,30,MID
20076,Didier,Crettenand,1.02811294657643e-05,1986,30,MID
20444,Tobias,Weis,1.02808845962059e-05,1985,30,MID
27303,Gerson,Magrão,1.02590928739511e-05,1985,30,MID
29237,Stefan,Babovic,1.02507116849962e-05,1987,30,MID
28990,Charlie,Adam,1.02440675713944e-05,1985,30,MID
28952,Sean,Doherty,1.0241422470392e-05,1985,30,MID
27476,Peter,Hackmair,1.02305844469542e-05,1987,30,MID
6522,Dominic,Peitz,1.02285334589063e-05,1984,30,MID
12036,Sébastien,Renouard,1.02241223882328e-05,1984,30,MID
22269,Andrea,Carozza,1.02211499315141e-05,1984,30,MID
29341,Sergio,Peter,1.02048247433153e-05,1986,30,MID
20068,Jocelyn,Ahouéya,1.0195536887587e-05,1985,30,MID
25861,Ivan,Kotenko,1.0175074954735e-05,1985,30,MID
27368,Marcelo,Labarthe,1.01732931409203e-05,1984,30,MID
28849,Michele,Troiano,1.01686274163253e-05,1985,30,MID
28447,Veldin,Muharemovic,1.01621307640181e-05,1984,30,MID
21815,Adriano,D'Astolfo,1.01539241637073e-05,1984,30,MID
29865,Julian,Schuster,1.0131266708761e-05,1985,30,MID
27912,Nikola,Pokrivac,1.01212149320004e-05,1985,30,MID
11759,Dean,Sinclair,1.01126879789885e-05,1984,30,MID
4920,Nevzet,Zukic,1.01069936574225e-05,1984,30,MID
14221,Aaron,Lennon,1.00468377802266e-05,1987,30,MID
16584,Juan,Ángel Seguro,1.00388669833427e-05,1984,30,MID
27371,Rodrigo,Paulista,1.00327081641923e-05,1985,30,MID
29122,Anthony,Annan,1.00310497778964e-05,1986,30,MID
27658,Lewis,Gobern,9.98222446251499e-06,1985,30,MID
12351,Hassan,Yebda,9.94221997901723e-06,1984,30,MID
15840,Adem,Atay,9.93411220964761e-06,1985,30,MID
28332,Ludovic,Guerriero,9.91652332619749e-06,1985,30,MID
27430,Netinho,"",9.91490917531097e-06,1984,30,MID
5597,Chaouki,Ben Saada,9.89606168944831e-06,1984,30,MID
15527,Christopher,Fernandez,9.86624371499986e-06,1984,30,MID
25112,Costinha,"",9.84694776905215e-06,1985,30,MID
22474,Martin,Örnskov,9.84115728010919e-06,1985,30,MID
7941,Álex,Pérez,9.83138965220015e-06,1985,30,MID
22479,Jonas,Borring,9.82772077408105e-06,1985,30,MID
27598,Konstantinos,Ikonomou,9.82603106196315e-06,1984,30,MID
30668,Derk,Boerrigter,9.7827286480562e-06,1986,30,MID
30431,Nizamettin,Caliskan,9.77665996954873e-06,1987,30,MID
28947,Gonzalo,Castro,9.74791092128642e-06,1987,30,MID
18654,Daniel,Brinkmann,9.73503528485661e-06,1986,30,MID
18988,Dimitrios,Kiliaras,9.72859445168198e-06,1986,30,MID
27586,Kevin,Jacmot,9.71833009941012e-06,1984,30,MID
25921,Roman,Vorobjov,9.70756544955841e-06,1984,30,MID
16716,Danny,Guthrie,9.70739367835317e-06,1987,30,MID
21494,Labinot,Harbuzi,9.69129158019091e-06,1986,30,MID
26247,Jesús,Méndez,9.68152778426301e-06,1984,30,MID
28147,Duylio,"",9.66851538348587e-06,1992,30,MID
23690,Kai,Kasiguran,9.64363108567556e-06,1985,30,MID
26270,Arouca,"",9.62220900372334e-06,1986,30,MID
29357,Bart,Vlaeminck,9.61869798652779e-06,1984,30,MID
26984,Darko,Tasevski,9.58714889221008e-06,1984,30,MID
29710,Greg,Cameron,9.56741881859636e-06,1988,30,MID
30672,Kenneth,van Goethem,9.5485786622489e-06,1984,30,MID
6524,Florian,Fulland,9.52729612358118e-06,1984,30,MID
6822,Mosia,Boy-Boy,9.5057182965813e-06,1985,30,MID
19446,Riccardo,Montolivo,9.4866521472671e-06,1985,30,MID
27611,Stephan,Schröck,9.42689989329105e-06,1986,30,MID
30308,Ivo,Ilicevic,9.42351530303077e-06,1986,30,MID
28490,Diego,León,9.39240320926844e-06,1984,30,MID
21905,Valon,Behrami,9.35865831863692e-06,1985,30,MID
15835,Chris,Cohen,9.3567161785659e-06,1987,30,MID
16490,Pascal,Velek,9.34596228384847e-06,1984,30,MID
30187,Athanasios,Tsiktsiris,9.34066555733212e-06,1984,30,MID
22341,Carl,del Fabro,9.33188146196226e-06,1985,30,MID
22958,Braian,Robert,9.33142026070525e-06,1984,30,MID
27038,José-Alex,Ikeng,9.31407866099218e-06,1988,30,MID
26448,Moron,Phillip,9.31330209483364e-06,1992,30,MID
28534,Marc,Gallego,9.29846703045513e-06,1985,30,MID
18935,Samir,Nasri,9.29084117811218e-06,1987,30,MID
13672,Alex,Elliott,9.27826086324535e-06,1987,30,MID
27065,Leonardo,"",9.25814291257056e-06,1986,30,MID
28289,Filipe,da Costa,9.22627241891183e-06,1984,30,MID
29936,Marc,Höcher,9.21482056149492e-06,1984,30,MID
30583,Colin,van Mourik,9.20965879893616e-06,1985,30,MID
10029,Isaac,Osbourne,9.18910614301674e-06,1986,30,MID
30530,Cees,Keizer,9.14457852274104e-06,1986,30,MID
28437,Ajdin,Maksumic,9.11832851120272e-06,1985,30,MID
27510,Lee,Croft,9.11011464752307e-06,1985,30,MID
4063,Stewart,Downing,9.1075262533549e-06,1984,30,MID
22737,Mario,Reiter,9.09951384507312e-06,1986,30,MID
16433,Manolis,Kallergis,9.06889341403054e-06,1990,30,MID
28868,Tiberio,Guarente,9.04653348539895e-06,1985,30,MID
27672,Julio,Hormiga,9.03082586679149e-06,1985,30,MID
28759,Anthony,Pulis,8.96198443073683e-06,1984,30,MID
19409,Willem,Janssen,8.93384666909418e-06,1986,30,MID
13309,Rachid,Farssi,8.92421181743405e-06,1985,30,MID
26893,Václav,Zapletal,8.92339331613102e-06,1985,30,MID
27907,Tomislav,Pek,8.92326050371192e-06,1985,30,MID
12755,Robert,Campbell,8.91364612384088e-06,1986,30,MID
27935,Igor,Skorput,8.89302546973596e-06,1986,30,MID
2514,Bastian,Schweinsteiger,8.88992020640809e-06,1984,30,MID
3391,Markus,Neumayr,8.8589696511053e-06,1986,30,MID
27288,Dulee,Johnson,8.85510722471758e-06,1984,30,MID
29414,Gary,Harkins,8.81811477747424e-06,1985,30,MID
16955,Adrian,Mierzejewski,8.81647953455577e-06,1986,30,MID
9967,Blerim,Dzemaili,8.81594353749495e-06,1986,30,MID
21810,Fabrice,Omonga Djadi,8.80479753752045e-06,1984,30,MID
17228,Panagiotis,Lagos,8.8001594162758e-06,1985,30,MID
23360,Iacopo,La Rocca,8.78971566232948e-06,1984,30,MID
13402,Darren,Campbell,8.7631351291775e-06,1986,30,MID
17222,Raffaele,De Martino,8.75827165541354e-06,1986,30,MID
19579,Dare,Vrsic,8.75761415877726e-06,1984,30,MID
27982,Ante,Batarelo,8.75215524720656e-06,1984,30,MID
14066,Wayne,Routledge,8.70308259276613e-06,1985,30,MID
28809,Willo,Flood,8.69215861468265e-06,1985,30,MID
28099,Rodrigo,López,8.68233763935472e-06,1988,30,MID
15546,Benjamin,Schwarz,8.67223081544225e-06,1986,30,MID
22613,Martin,Scott,8.64981079949591e-06,1986,30,MID
26376,Lander,van Steenbrugghe,8.64761835442478e-06,1986,30,MID
26306,Gligor,Gligorov,8.64598879637937e-06,1987,30,MID
16566,Chavdar,Yankov,8.6306972162119e-06,1984,30,MID
20222,Henrique,Cornelio Bem,8.6306467897363e-06,1985,30,MID
29695,Christoph,Leitgeb,8.6115776425105e-06,1985,30,MID
29708,Gerald,Säumel,8.61132454491585e-06,1986,30,MID
26199,Verza,"",8.58284995485617e-06,1986,30,MID
27921,Zedi,Ramadani,8.56960479223199e-06,1985,30,MID
23001,Brian,Nielsen,8.54608853975387e-06,1987,30,MID
19411,Junior,Livramento,8.54027524610322e-06,1987,30,MID
19717,Marko,Muslin,8.54023326733768e-06,1985,30,MID
24379,Samuel,Holmén,8.53871349058962e-06,1984,30,MID
27841,Ivan,Cuncic,8.53819287085266e-06,1985,30,MID
29073,Fernando,Usero,8.51260502201413e-06,1984,30,MID
28980,Kristof,Delorge,8.48632915139018e-06,1986,30,MID
19112,Christian,Gentner,8.46748434005056e-06,1985,30,MID
29412,Köksal,Yedek,8.44679137334489e-06,1985,30,MID
20264,Marc,Kruska,8.44670038087015e-06,1987,30,MID
27491,Otman,Bakkal,8.4278571180594e-06,1985,30,MID
27494,Georgios,Zisopoulos,8.42785711805912e-06,1984,30,MID
29975,Andrew,Surman,8.41643088963811e-06,1986,30,MID
27581,Stefanos,Siontis,8.409451186736e-06,1987,30,MID
28831,Davide,Caremi,8.39002927832195e-06,1984,30,MID
16306,Casemiro,"",8.33686876513346e-06,1992,30,MID
28535,Ole,Schröder,8.32831443245705e-06,1985,30,MID
16131,Jonathan,Valle,8.31851808788385e-06,1984,30,MID
26434,Marcelo,René Bravo,8.31396901770695e-06,1985,30,MID
16120,Édgar,Barreto,8.30373732527217e-06,1984,30,MID
14597,Mark,Gilhaney,8.28515500515833e-06,1984,30,MID
28393,Andraz,Kirm,8.26663175399887e-06,1984,30,MID
29192,Didi,Rodríguez,8.26494976164333e-06,1985,30,MID
27721,Nikolaos,Soulidis,8.24108845095339e-06,1986,30,MID
6821,Michael,Modubi,8.23214372615658e-06,1985,30,MID
24724,Daniel,"",8.22695108546892e-06,1984,30,MID
30300,Iván,González,8.21100094950197e-06,1987,30,MID
27033,Zlatko,Janjic,8.20684840590497e-06,1986,30,MID
25869,Volodymyr,Romanenko,8.19661542469298e-06,1985,30,MID
28252,Alban,Meha,8.19645625247275e-06,1986,30,MID
17311,Steef,Nieuwendaal,8.18658179972506e-06,1986,30,MID
27394,Alex,Song,8.18306218495113e-06,1987,30,MID
28951,Michael,Timlin,8.18018324637838e-06,1985,30,MID
29418,Dean,McDonald,8.17345267755877e-06,1986,30,MID
28613,Marko,Maksimovic,8.16793898719197e-06,1984,30,MID
29117,Andrea,Orlandi,8.14888445152348e-06,1984,30,MID
28434,Josip,Brezovec,8.14628155294099e-06,1986,30,MID
13493,Lionel,Ainsworth,8.14240913569011e-06,1987,30,MID
28336,Mile,Jedinak,8.13030016532844e-06,1984,30,MID
30059,Lars,Bender,8.11213405489858e-06,1989,30,MID
30597,Eddie,Gaven,8.09310797420808e-06,1986,30,MID
29597,Luca,Scicchitano,8.09197713240773e-06,1984,30,MID
28582,Nicolas,Besagno,8.04470001554357e-06,1988,30,MID
30593,Michael,Bradley,8.03857937034266e-06,1987,30,MID
28387,Ivan,Bubalo,8.02989445157622e-06,1985,30,MID
29394,Jacob,Lensky,8.0145888294814e-06,1988,30,MID
21454,Ryan,McStay,8.01112760859742e-06,1985,30,MID
29659,Renan,Silva,8.00555756449476e-06,1985,30,MID
29615,Marco,Nicoletti,7.93941381403739e-06,1986,30,MID
12611,Graham,Weir,7.92802096451116e-06,1984,30,MID
27470,Stéphane,Mbia,7.91639411079162e-06,1986,30,MID
16971,Mees,Siers,7.90594639648072e-06,1987,30,MID
8245,Lance,Davids,7.89586415740102e-06,1985,30,MID
30071,Stuart,Holden,7.87329828857887e-06,1985,30,MID
25101,Rúben,Amorim,7.86966999883391e-06,1985,30,MID
16665,Michael,Woods,7.86049670266543e-06,1990,30,MID
29423,Jason,Kennedy,7.85328818944846e-06,1986,30,MID
28261,José,Manuel Jurado,7.82147735891584e-06,1986,30,MID
30670,Vurnon,Anita,7.79422839067856e-06,1989,30,MID
8060,Carl,Medjani,7.78979137732897e-06,1985,30,MID
21463,Thomas,Prager,7.77128227164111e-06,1985,30,MID
28820,Claudio,Costanzo,7.76654167527163e-06,1985,30,MID
30306,Ivanildo,"",7.74487021922792e-06,1986,30,MID
29622,Veli,Kavlak,7.74160474876879e-06,1988,30,MID
17438,Anas,Mubarak,7.73979351940312e-06,1984,30,MID
29434,Yohan,Cabaye,7.73274971466557e-06,1986,30,MID
29070,Perico,"",7.73047210240686e-06,1985,30,MID
29709,Zhora,Hovhannisyan,7.69821763302517e-06,1987,30,MID
29589,Ben,Pringle,7.68986569375544e-06,1989,30,MID
22210,Luca,Rigoni,7.68834648133347e-06,1984,30,MID
29923,Erik,van der Ven,7.68665097420673e-06,1984,30,MID
18908,Christian,Wieczorek,7.66761963411926e-06,1985,30,MID
28324,Vincent,Durand,7.63859416776959e-06,1984,30,MID
17136,Enis,Alushi,7.59845939135131e-06,1985,30,MID
22473,Simon,Nagel,7.59184834572647e-06,1985,30,MID
28957,Darren,Pratley,7.5907333221366e-06,1985,30,MID
6659,David,Marazzi,7.56407895234721e-06,1984,30,MID
15167,Mark,Yeates,7.558097604075e-06,1985,30,MID
21050,Martin,Kotyza,7.53233827170586e-06,1984,30,MID
17256,Sanshiro,Matsumoto,7.51235314738327e-06,1984,30,MID
24674,Petr,Kobylik,7.51005117406475e-06,1985,30,MID
18833,Tim,Hoogland,7.49127793407582e-06,1985,30,MID
24654,Ilia,Maksimov,7.49031140025322e-06,1987,30,MID
24966,Yasin,Alibasi,7.46501586249388e-06,1985,30,MID
22477,Thomas,Raun,7.4574077430161e-06,1984,30,MID
18379,Damir,Vrancic,7.44818487154096e-06,1985,30,MID
28086,Ernesto,Gómez,7.41518946572787e-06,1985,30,MID
27718,Florian,Stahl,7.37807561742304e-06,1986,30,MID
29949,Ferdi,Elmas,7.36494481680271e-06,1985,30,MID
29401,Sami,Khedira,7.36451304025424e-06,1987,30,MID
23888,Fatih,Atik,7.3549726217286e-06,1984,30,MID
13979,Ashkan,Dejagah,7.34937997704177e-06,1986,30,MID
11097,Pascal,Flügel,7.34518877450879e-06,1984,30,MID
30125,Marco,Mathys,7.27437452203722e-06,1987,30,MID
18046,Christopher,Hock,7.23561670460855e-06,1984,30,MID
21297,Levy,Madinda,7.21019278484861e-06,1992,30,MID
24634,David,Jones,7.20247923893446e-06,1984,30,MID
17396,Mathieu,Flamini,7.17568366121944e-06,1984,30,MID
23410,Sören,Christensen,7.16052970896322e-06,1986,30,MID
26916,Ladislav,Volesak,7.13889574041318e-06,1984,30,MID
8072,René,Messinger,7.12981845998357e-06,1985,30,MID
20188,Stefano,Botta,7.12796659274338e-06,1986,30,MID
19636,Panagiotis,Kone,7.09476771772529e-06,1987,30,MID
29962,Daniele,Dessena,7.08906722066593e-06,1987,30,MID
24232,Ronny,Garbuschewski,7.07485263578347e-06,1986,30,MID
18929,Stelios,Iliadis,7.03665250065518e-06,1986,30,MID
30141,Bas,Smulders,7.03132602108913e-06,1985,30,MID
26432,Pablo,Batalla,7.01889539016426e-06,1984,30,MID
30003,Wout,Brama,6.9784931531279e-06,1986,30,MID
8724,Mesut,Morgül,6.9694350306643e-06,1984,30,MID
18918,Per,Ciljan Skjelbred,6.96078463438677e-06,1987,30,MID
24159,Branimir,Poljac,6.95607273017283e-06,1984,30,MID
9096,Marc,Gouiffe à Goufan,6.91090381929399e-06,1984,30,MID
25840,Sam,Togwell,6.90581129593106e-06,1984,30,MID
6324,Patrick,Milchraum,6.90529011769308e-06,1984,30,MID
29306,Stéphane,Marseille,6.83561964783492e-06,1987,30,MID
30671,Jordan,Remacle,6.8356196478347e-06,1987,30,MID
25933,Ovidiu,Herea,6.8235191784522e-06,1985,30,MID
21333,Aiden,McGeady,6.71655749898925e-06,1986,30,MID
29627,Merter,Yüce,6.67517929544588e-06,1985,30,MID
30676,Luis,Benítez,6.62739706860244e-06,1985,30,MID
6087,Christian,Obodo,6.56125113613675e-06,1984,30,MID
22157,Kristoffer,Andersen,6.55912459697573e-06,1985,30,MID
27423,Roberto,"",6.37685013647305e-06,1988,30,MID
27970,Markus,Karl,6.362127574635e-06,1986,30,MID
29993,Sven,Bender,6.31767705950762e-06,1989,30,MID
26061,Dennis,Grote,5.80592623235529e-06,1986,30,MID
